"torgle","Tasty Onions - Deep Web Link Directory","http://22tojepqmpah32fkeuurutki7o5bmb45uhmgzdg4l2tk34fkdafgt7id.onion"
"torgle","#### AnonMarket ####","http://anonxtgsolrmup624btsyowbnvggfmn5ktkgwjqz5nhibnmi4km4fayd.onion/"
"torgle","Fresh Onions - Only fresh, checked, working onions.","http://3mcm3cathoi5eahjeq7e5tgessfktszioxyf4rnx2ug7ab3ilzvgwfyd.onion"
"torgle","General Tor Links","http://fqr7fd4dmwxwpxn2355tnnj37x2hroxc2mr7uty4pwdflpt2bnbdiyqd.onion"
"torgle","Guns for Sale Online","http://firearmh73frrpeene3bbbdpxj3pgac3yvxafqve2jss3yt6uk4sjfid.onion/"
"torgle","Firearms for Sale","http://bmguns3cak7kl7ksin2vho2gstg7vfz2lhr5s5aiiyfhfrfeevbtquid.onion/"
"torgle","Black Market Guns","http://bmguns3cak7kl7ksin2vho2gstg7vfz2lhr5s5aiiyfhfrfeevbtquid.onion"
"torgle","Military Loot","http://cvnm5qmgsrbor6ujd6isox4anceecn7tdb4sjtduot5ac2lknn2c4zid.onion/"
"torgle","DarkSearch - Your gateway to the dark web!","http://darkzqtmbdeauwq5mzcmgeeuhet42fhfjj4p5wbak3ofx2yqgecoeqyd.onion"
"torgle","DARKWEB STORE-DRUGS-GUNS-CLONED CARDS-PAYPAL-WEAPONS","http://muwgjdckwwmhyi7lj73dspumrxmzuzjvujmtmyrhhbjrgswcakobtfad.onion/"
"torgle","GUNS FOR SALE, FIREARMS FOR SALE, HANDGUNS FOR SALE, RIFLES FOR SALE","http://drugd26zrsgjygz63t4w45ayn5lmhqy5jzpzkybwgtbcbqgpsudyo3ad.onion/product-category/guns-for-sale/"
"torgle","GUNS FOR SALE","http://drugd26zrsgjygz63t4w45ayn5lmhqy5jzpzkybwgtbcbqgpsudyo3ad.onion/"
"torgle","DARK WEB MARKET","http://muwgjdckwwmhyi7lj73dspumrxmzuzjvujmtmyrhhbjrgswcakobtfad.onion/product-category/shop/"
"torgle","GUNS-PAYPAL-DRIVER LICENSE-COUNTERFEIT-CREDIT CARDS","http://muwgjdckwwmhyi7lj73dspumrxmzuzjvujmtmyrhhbjrgswcakobtfad.onion"
"torgle","Deep Pharmacy","http://pharmlwe6trwo3e45ciorakxjhiee4wyki4a7sya3wmxa6lhsjpxrwid.onion/"
"torgle","Silent Darknet Market","http://jtrrpneuko4qre2z5lilvhiw3shwbrnwkrvuuxcbj7t5khl4imoemayd.onion/"
"torgle","Silent Darknet Market","http://jtrrpneuko4qre2z5lilvhiw3shwbrnwkrvuuxcbj7t5khl4imoemayd.onion/?product_cat=sex-aids"
"torgle","SilÐµnt Darknet MÐ°rkÐµt","http://jtrrpneuko4qre2z5lilvhiw3shwbrnwkrvuuxcbj7t5khl4imoemayd.onion/?product_cat=insomnia"
"torgle","SilÐµnt Darknet MÐ°rkÐµt","http://jtrrpneuko4qre2z5lilvhiw3shwbrnwkrvuuxcbj7t5khl4imoemayd.onion/?product_cat=steriods"
"torgle","SilÐµnt Darknet MÐ°rkÐµt","http://jtrrpneuko4qre2z5lilvhiw3shwbrnwkrvuuxcbj7t5khl4imoemayd.onion/?product_cat=drugs"
"tor66","Armory - Buy weapons for bitcoin","http://armoryoimwdhr3do4eonbqppq63cjvlzrhvd4lhbgbng6ablytbp35qd.onion/"
"tor66","RUSSIAN WEAPONS MARKET","http://gklwvxxedzsos7f6l6mzduxdnugvvdcfxwp2pe7lo3rrltp4wpyufpad.onion/"
"tor66","Buy weapons in Europe","http://hbcgakfzfqsy75k4wevz4lle7gs4wnwlnu45bgmlezbs3nkq3pjfdkid.onion/"
"tor66","Firearms & Weapons & Guns for Sale online | Black Market Guns","http://bmguns7yo435umgeogenfw2gbjlg7j42hx3g52idrysnh7idy5cohqad.onion/"
"tor66","Firearms & Weapons & Guns for Sale online | Black Market Guns","http://bmgunsshbtqor24izee3jb3lr4krmfdtgr3eg65dakat56wva6cjonqd.onion/"
"tor66","Firearms & Weapons & Guns for Sale online | Black Market Guns","http://bmguns7xglvmnlnz5nd543dczp3fnsfd6jecwpjomvhov4dn4ikxmqyd.onion/"
"tor66","Firearms & Weapons & Guns for Sale online | Black Market Guns","http://bmguns3cak7kl7ksin2vho2gstg7vfz2lhr5s5aiiyfhfrfeevbtquid.onion/"
"tor66","Firearms & Weapons & Guns for Sale online | Black Market Guns","http://bmguns777mxlfnozjsfaeiyawspscqljaa4r7aohfmfydaqwbughptyd.onion/"
"tor66","Firearms & Weapons & Guns for Sale online | Black Market Guns","http://firearmh73frrpeene3bbbdpxj3pgac3yvxafqve2jss3yt6uk4sjfid.onion/"
"tor66","Firearms & Weapons & Guns for Sale online | Black Market Guns","http://firearmx3zjrosxstgpxl7xgw2cqj7xwg4q3fx4ygbkjaoy4yemv3xid.onion/"
"tor66","Firearms & Weapons & Guns for Sale online | Black Market Guns","http://bmgunsszmlrt3wvghzthp45nbzftx7udgrlkderdn4vbexakhfx3m7id.onion/"
"tor66","Firearms & Weapons & Guns for Sale online | Black Market Guns","http://bmguns7xkncaxzs5vtmxpiilruvwzwvrbjzj6aclb5oipvlc4fe6gsqd.onion/"
"tor66","Deep Pharmacy - Anonymous market for drugs, chemical weapons and medicines.","http://pharmlwe6trwo3e45ciorakxjhiee4wyki4a7sya3wmxa6lhsjpxrwid.onion/"
"tor66","Firearms 72 - Weapons Store - 2024","http://fa72ibhlp5czrgos5yo3g75rylck2daigq6pvfxrmy5aiqhdiuryqdad.onion/"
"tor66","Firearms 72 - Weapons Store - 2024","http://fa72ibhl677j77dq4rt6bmiplwhpfymq2glwl5e2i563vkrcg4elfkyd.onion/"
"tor66","The Cavern","http://vpocsdxjwaodp73xm65pscydeidt3uap2lftcuuhxpznjigtuzx5pqad.onion/"
"tor66","White Warriors - Arm yourselves - Gun Shop","http://nf55c4ckc67db5uspethzm2m2vsyhtzifnm7j3ymyujafeddo6qvoeid.onion/"
"tor66","ULTIMATE TUTORIALS","http://bo5uizritgik5kaq7eebibzfpietkwqobqnqunbceasg3sjdsbyjpnad.onion/"
"tor66","skill makret","http://marknzfcu3zn4thkr2nyfl75oni4wrgqs7uwqrett5ly44h4d2fbpvid.onion/"
"tor66","Armory 2.0","http://proegibdwsrajg7exqmk3ejjpgnhzbr4lmt7llgmj25mt75bk3qz27id.onion/"
"tor66","Dark Shooter","http://lsffum7wrrkssxcqxtaontwifxog7qr42t4bokyqd3srbrb62t5a62qd.onion/"
"tor66","Classified Intel Report 1","http://bv6way2szr4nxl42adtw72hhckuqatqoawwga52z2muzywvtuearmlyd.onion/"
"tor66","Classified Intel Report 1","http://i2bzupvkxnjlgjqjcwplz5u774lvyoyrytvgl45va2hjokaaap4csiid.onion/"
"tor66","Buy Guns Online | GunS For Sale | Black Market Guns | Firearms","http://firearmltmljjzp6lp7msgqm4723ypfap52dmmxw3uvrdr6nrdfqmpad.onion/"
"tor66","Hidden guns","http://hgunsxfupqwrf3nrr64tzmbhopaxqjfzofplkzs2nn24xlxptlxmadqd.onion/"
"tor66","Hidden guns","http://hgunsxfubheorxhzqnbtqc6wp2cpqek235nx5qh34y46dcs5bsygv2yd.onion/"
"tor66","Guns for Sale - Trusted Online Gun Store | Black Market Guns","http://firearm7msqidztqlgpngdoorsapdvoe6flvdgbkzj6by6vbygseplid.onion/"
"tor66","Bibliotheca Nex Alea","http://urzthcil4cjyfxqbs2jtjgebuyrr6du7oqsrvw2zgqepj5cqnndtkgad.onion/"
"tor66","Ali marketplace â€“ You will love me","http://wzrr7zg2jhpxi4u7yqv65bx5nt32b5nkoe7252icv6rcznzpyg4fbiqd.onion/"
"tor66","Ali marketplace â€“ You will love me","http://momofmysfga2aecmlrk2fx76wgcctjmcxejesgwlnpd3e5cabhow5cad.onion/"
"tor66","ðŸ”« TopGuns: Buy Guns online. Secure, Fast & Safe! - Home: All Items","http://topguns3x4pkpfimodj4iqgfadnwncxg3l5lnui45jmjt2fiz5uwlxyd.onion/"
"tor66","ðŸ”« TopGuns: Buy Guns online. Secure, Fast & Safe! - Home: All Items","http://topguns3xcu3lzeec7hw5k4gfww2vglbs6nl76qmrpcrwkhviryzmzqd.onion/"
"tor66","ðŸ”« TopGuns: Buy Guns online. Secure, Fast & Safe! - Home: All Items","http://topgunse7z2jemziv66k7so3kswio5adfqcrlebtaxdzi4oqeudt5jyd.onion/"
"tor66","we are specialized in guns,Sig Sauer,Ak47,Berreta -Ruger,we have a lot in stock-Telegram;@mijkha444-Email;mijkha444@gmail.com-","http://4q4biak47fonra7xg55cjqmt3tfhpg4n7jqsx7mqu4kdan4hsg5qqfqd.onion/"
"tor66","we are specialized in guns,Sig Sauer,Ak47,Berreta -Ruger,we have a lot in stock-Telegram;@mijkha444-Email;mijkha444@gmail.com-","http://4q4biakw4pvx636a7rprm2uef3zkmk62xhrh22ykzghmdna3cn5r5cad.onion/"
"tor66","CARDING MENTOR","http://664qum35isn3fpfhjsv64mu4tdppkncktb3v5iehavzdqbcuyddtg7id.onion/"
"tor66","German Arms","http://armsgzww4xbejoowm2y2kekis3zwuozgvqyacjkpmj5xwojewsdhryyd.onion/"
"tor66","Buy Guns Online | GunS For Sale | Black Market Guns | Firearms","http://pxbzggitxizmnd5rttrzttg7n6dzcns52aykn2z2xbs3tjku4r4rt3ad.onion/"
"tor66","Demonstrations","http://ilpwnsjyokvj4j5klcqrcnzftdbrupbccw4h37tftmy4hwhkgoxtmuad.onion/"
"tor66","Deep Link Guide - Hidden Link Directory","http://deepmlzxkh7tpnuiv32nzzg6oxza4nvpd6b7ukujwxzgxj2f33johuqd.onion/"
"tor66","Deep Link Guide - Hidden Link Directory","http://deepmlzx2fi3ugg2czo26xnfu2c43k3ax2q56dxdbscczeajew7zogad.onion/"
"tor66","Deep Link Guide - Hidden Link Directory","http://juobfpoyjotzbgdb4n5ifox7or4ltbcdryuordpmjgotzvnvdycifoqd.onion/"
"tor66","Deep Link Guide - Hidden Link Directory","http://tce7tl7odr72cnlet2lxse5uo3pj2iapqfu2lipyvcmewyadlctgs6ad.onion/"
"tor66","Deep Link Guide - Hidden Link Directory","http://wzsrdplyieof4qvv23yt5yiav2as4iofjwae2varrix4l5dwytbc3pqd.onion/"
"tor66","Deep Link Guide - Hidden Link Directory","http://pgtidjys7zm55v66fn3jw7bkt76motcdk5hny6djcjjtko6rd3jafeqd.onion/"
"tor66","Deep Link Guide - Hidden Link Directory","http://3eddahkq3dtdacl5apptnigvwdm66pae5wi3jodal76cvcbhds4j5xyd.onion/"
"tor66","Deep Link Guide - Hidden Link Directory","http://bofvsawipek3bvxe2lbft6gqnwvt3zcfnc2s342wzefonl7nozwiqrad.onion/"
"tor66","Deep Link Guide - Hidden Link Directory","http://3w5y7jdru5m7bxj6ys47ff5xwzpdzjo2npggg3yubh2c5trfgch6lkqd.onion/"
"tor66","Deep Link Guide - Hidden Link Directory","http://slvuwd3udongjljagb5pyhlsh3pcbkuob5ukqvdp2vf7kgjlvyftvjid.onion/"
"tor66","Deep Link Guide - Hidden Link Directory","http://4znp6rudbgsryee4y6qt4mfft7rsmfwtrktmz74xvrhrhozmqvrpumqd.onion/"
"tor66","Deep Link Guide - Hidden Link Directory","http://arjygaicmkkbdzmil4cbbtuqvfi4dpvoe5e5t2yb27euf4grqoha7qid.onion/"
"tor66","Deep Link Guide - Hidden Link Directory","http://ryqa5appqi3ai25ehtqlzh4sst423hrapqrxw3jov657gbvm5amwrvid.onion/"
"tor66","Deep Link Guide - Hidden Link Directory","http://z4nsshcujpk4i7tpt6pbvfvzxvzf7dni2btflh4muo3liv6urst3egid.onion/"
"tor66","Deep Link Guide - Hidden Link Directory","http://zkynwcvlfwf5rl2sl6xu7l63y6iu5rnycs3wgmhwbdlani3au2adrdid.onion/"
"tor66","Deep Link Guide - Hidden Link Directory","http://ovs3h52c7bcmkyoimqxrb3kh43y26o2ladl6mjwdv6qbyyey4fuphead.onion/"
"tor66","Deep Link Guide - Hidden Link Directory","http://7gonunatpc7344v3p36e5xhyf34n2cc6ukhovojj7xirv5ymjca2luad.onion/"
"tor66","Deep Link Guide - Hidden Link Directory","http://hk752g7lbtuxoe5gs2fabvrk6zmtu3l3rxn7m6k6grbgu4uwoihymeyd.onion/"
"tor66","Deep Link Guide - Hidden Link Directory","http://ibsc3xnqksu7hfbbhsj6kylq2gefyrav3zyopmdk3jacqk7pekxvyfqd.onion/"
"tor66","Deep Link Guide - Hidden Link Directory","http://ngymo2vwbrbb47pyiq3x77cx63kndkx4tp4ii7bs2jtf6sodvt33zzid.onion/"
"tor66","Deep Link Guide - Hidden Link Directory","http://tnys36kud3n4d2tps5dsshdwsi623baebpsgvoy47pefywesclzk3cqd.onion/"
"tor66","Deep Link Guide - Hidden Link Directory","http://ty66w3343lnioqqm7wg72equ7ap6yepluew2cfrua3mevpjcl7jw2did.onion/"
"tor66","Deep Link Guide - Hidden Link Directory","http://7cckjhozoz2rblfa2xhsgxmna2vjxzv3cr6rj2ca6zorwnoynvrdcyqd.onion/"
"tor66","Deep Link Guide - Hidden Link Directory","http://4z6anky2igmfwjciwbjvb2x4tdgtjrr6m7ctxcllhadhqr3ggyiw5zqd.onion/"
"tor66","Deep Link Guide - Hidden Link Directory","http://qz5pqellsnfp4ypsuy4vvw3mw5l4yhbel3wpnvgigxmjlbo6hez2a4qd.onion/"
"tor66","Deep Link Guide - Hidden Link Directory","http://epqapzrhqcd2o4nc3q5c6azxovmmcyolnai465x52lnugsiezh37d6qd.onion/"
"tor66","Deep Link Guide - Hidden Link Directory","http://c4mxifzmulgpcqvmioeux3bup5ktthxtqxi2fbfq4yfpo3u5e22bneyd.onion/"
"tor66","Deep Link Guide - Hidden Link Directory","http://tahv53ghi6tiv7xvcms63mxw747ehcwd6x6xlnurho5njevmbjmee4ad.onion/"
"tor66","Deep Link Guide - Hidden Link Directory","http://p2wyw3ulhcdtraq46irvafya5jc2qnissmsb6ecfxewj4woxaqlo2wid.onion/"
"tor66","Deep Link Guide - Hidden Link Directory","http://q3vk73mt2vzeotbpuo5oqsljxi5u4zwizv54o5ukjx3yk7zyqxkxc3id.onion/"
"tor66","Deep Link Guide - Hidden Link Directory","http://rcn7dytcn4e2n6dolbci6sx5zmbdinukoq3gzmdrds2fz335qmag2wqd.onion/"
"tor66","Deep Link Guide - Hidden Link Directory","http://gjfwsqz5t4fjikgaohz53vrk2drob3rgcnqjo6uefm4quxzsjmnbfwid.onion/"
"tor66","Deep Link Guide - Hidden Link Directory","http://ztkeuqdcjvkjmtpf2pev73cf5tljpf7xxubtvdo7pbixmumhc3eq5xqd.onion/"
"tor66","Deep Link Guide - Hidden Link Directory","http://qgmcwfzbhdg4yokshbagiqxhdicantngzitv4pwceystykwid26wunyd.onion/"
"tor66","Deep Link Guide - Hidden Link Directory","http://p3p3demz5yilnrmoqe5yd3dphszakc3yztonzfjtlig5iqqp3modmlad.onion/"
"tor66","Deep Link Guide - Hidden Link Directory","http://w3dbr26qt36lvv7ospgagj5nxmssyaqc32cavlhscgzscbgmxxsfyoid.onion/"
"tor66","Deep Link Guide - Hidden Link Directory","http://taqyx4xqag7sdag2eqxf7dh3aif7km2rt2m2hx4b35etozh7jjarjqid.onion/"
"tor66","Deep Link Guide - Hidden Link Directory","http://l5w4ava33fm72jy3xp5ewgsvtly43jushhaar5f6yncnvjde6gnyqhad.onion/"
"tor66","Deep Link Guide - Hidden Link Directory","http://fzlew35ypes56xjz46o643d7e3glsjp3oqxcp5zwtiwire4tjgmlozad.onion/"
"tor66","Deep Link Guide - Hidden Link Directory","http://dng24f7w32uqe6nwc6eg3wqtmpzh5itj67tlm22vvrwubhhzyodnaaid.onion/"
"tor66","Deep Link Guide - Hidden Link Directory","http://b44ynejdzw7teud75yakxyg5hrgderxanyyp3cove5bw2a5bedpmehqd.onion/"
"tor66","Deep Link Guide - Hidden Link Directory","http://dockuif7336mixppfvvas75rp7vdpis6j5hkred4hlvidmdlkz33z7qd.onion/"
"tor66","Deep Link Guide - Hidden Link Directory","http://6vdxzcxib4cliyl6m2pivrip5pf4azr6hfjutrjs4jf4ca3m2svk2xyd.onion/"
"tor66","Deep Link Guide - Hidden Link Directory","http://yp4nvm2c4yth6clvlwonudeg32g4xl6nycp6kqwdejoensbcsuodt5qd.onion/"
"tor66","Deep Link Guide - Hidden Link Directory","http://w5ithsmojvzjv46xjblkpznjvf373a4twwwg5ukcsqtuvlho4gv7ecid.onion/"
"tor66","Deep Link Guide - Hidden Link Directory","http://jxl6kqhipvpoizztuihgw5qa7snxiii4a6mehuhqfthulajoqfcqtsad.onion/"
"tor66","Deep Link Guide - Hidden Link Directory","http://xf6jcd67ccpfssm4by43p6l7n6uvdfnu5fifz55inytnneygkivs3eid.onion/"
"tor66","Deep Link Guide - Hidden Link Directory","http://m56fr576uw2nalrqlsiedkiuhwjxoinm64jxdtpocjopa24gmyh34lad.onion/"
"tor66","Deep Link Guide - Hidden Link Directory","http://eq3hcfb26lqbluttn3gybeo4tele5tsvycyve3bh4i7iio7ieto255qd.onion/"
"tor66","Deep Link Guide - Hidden Link Directory","http://jyeak4nojx53ww46villann6rsiaqg66w2vjbr7iu3u3jkms2k3ndbyd.onion/"
"tor66","Deep Link Guide - Hidden Link Directory","http://ocks66bsrgtuapnxy5d42vbpotc7szkkqiawibufecwjrlwy663cqlyd.onion/"
"tor66","Deep Link Guide - Hidden Link Directory","http://yu35ugcmeaxfshrzlsp2ot5zekygupfvcqacpj6tc6qoau6dahacfdid.onion/"
"tor66","Deep Link Guide - Hidden Link Directory","http://4jjwhw67qouj2t67in7wwmgxdoel3lnngf4atc6fkwshkbgwvllivpid.onion/"
"tor66","Deep Link Guide - Hidden Link Directory","http://kmm2fxbdcn5wmfcgbgaw5ydu6245m3ody2lllvdeujohr66rp3c4jsad.onion/"
"tor66","Deep Link Guide - Hidden Link Directory","http://ectiy6us76chaqzmuwdfmkrr6lhsad5ldmkos6uf23ixs5ibpanegvqd.onion/"
"tor66","Deep Link Guide - Hidden Link Directory","http://7rokfjo62rsgap6k3qpfenpnlahw7ttd4siv4vuq7o2rerd7opq7jyid.onion/"
"tor66","Deep Link Guide - Hidden Link Directory","http://jsepg3jntrpbhej5y63wwdo3lxfyx7efekse5ilufue4nphlssnp5vad.onion/"
"tor66","Deep Link Guide - Hidden Link Directory","http://kvgesskmc772qdq2tsyhh2oqqujlcj2nzevoxec7yzism2b6iulccpyd.onion/"
"tor66","Deep Link Guide - Hidden Link Directory","http://oz5vb4ktaoa2nludlpt62twvk6p36kiuprtslqhq6qmasjqn3r7upbad.onion/"
"tor66","Deep Link Guide - Hidden Link Directory","http://xd33mammozu3wmwg57uivhxxdczv2squksdt74ghf23xwhoefayyjjyd.onion/"
"tor66","Deep Link Guide - Hidden Link Directory","http://heltcoxjkvphzh2h4qwjqtrdar722w5el2dbqpkqkhiq5xy4vdvdppyd.onion/"
